{"XLM":0.343187,"USDT":1.27,"ETH":1600.77,"BTC":40907,"ADA":0.437366,"EOS":3.49,"USDC":1.27,"LINK":30.8,"BNB":52.4,"XRP":0.346933,"DOT":23.18,"BCH":548.41,"LTC":177.1,"XMR":177.92}