{"XLM":0.312152,"USDT":1.26,"ETH":1429.82,"BTC":38171,"ADA":0.387933,"EOS":0.086153,"USDC":1.27,"LINK":23.34,"BNB":48.43,"XRP":0.328728,"DOT":19.84,"BCH":521.44,"LTC":165,"XMR":160.23}