{"USDT":1.26,"LTC":192.99,"BCH":656.72,"USDC":1.27,"BNB":53.28,"LINK":22.82,"ETH":1560.31,"EOS":0.096699,"ADA":0.406087,"BTC":49681,"XLM":0.383288,"XRP":0.376838,"XMR":205.43,"DOT":18.21}