{"XLM":0.303068,"USDT":1.28,"ETH":1595.69,"BTC":38897,"ADA":0.396541,"EOS":0.083962,"USDC":1.28,"LINK":26.87,"BNB":52.39,"XRP":0.321283,"DOT":19.9,"BCH":484.36,"LTC":158.42,"XMR":159.94}