{"USDT":1.27,"LTC":183.24,"BCH":616.08,"USDC":1.28,"BNB":59.34,"LINK":29.81,"ETH":1578.2,"EOS":3.53,"ADA":0.496093,"BTC":45842,"XLM":0.390711,"XRP":0.35482,"XMR":202.8,"DOT":22.83}