{"XLM":0.348177,"USDT":1.27,"ETH":1825,"BTC":41582,"ADA":0.456037,"EOS":0.092571,"USDC":1.27,"LINK":31.84,"BNB":53.88,"XRP":0.350945,"DOT":23.62,"BCH":571.79,"LTC":183.94,"XMR":176.13}