{"USDT":1.28,"LTC":185.77,"BCH":627.02,"USDC":1.27,"BNB":52.77,"LINK":27.64,"ETH":1520.32,"EOS":3.53,"ADA":0.391723,"BTC":47512,"XLM":0.366943,"XRP":0.358625,"XMR":201.3,"DOT":18.04}