{"XLM":0.33735,"USDT":1.27,"ETH":1743.21,"BTC":41767,"ADA":0.444119,"EOS":3.41,"USDC":1.28,"LINK":30.1,"BNB":53.43,"XRP":0.346298,"DOT":22.48,"BCH":558.9,"LTC":177.16,"XMR":179.05}